user_id,jenis_usaha,skala_usaha,modal_usaha,bidang_usaha,omset_usaha,usia_targetpelanggan,gender_targetpelanggan,pekerjaan_targetpelanggan,status_targetpelanggan,jenis_lokasi ,,,,,,,,,,,,,,,
30010101,Agent Air Mineral dan Gas LPJ,Mikro,5-10 JT,Industri makanan dan minuman,0-10 JT,"18-39 tahun, 40-59 tahun, >60 tahun",Perempuan,"Pelajar/mahasiswa, Petani, Nelayan, Pekerja informal, IRT","Kelas atas, Kelas menengah, Menuju kelas menengah, Kelas rentan, Kelas miskin","Pusat Kota dan Keramaian, Permukiman penduduk, Desa dan Alam",,,,,,,,,,,,,,,
30020101,Agent Air Mineral dan Gas LPJ,Kecil ,11-30 JT,Industri makanan dan minuman,11-20 JT ,"18-39 tahun, 40-59 tahun, >60 tahun",Perempuan,"Pelajar/mahasiswa, Petani, Nelayan, Pekerja informal, IRT","Kelas atas, Kelas menengah, Menuju kelas menengah, Kelas rentan, Kelas miskin","Pusat Kota dan Keramaian, Permukiman penduduk, Desa dan Alam",,,,,,,,,,,,,,,
30030101,Agent Air Mineral dan Gas LPJ,Menengah,30-50 JT,Industri makanan dan minuman,21-30 JT,"18-39 tahun, 40-59 tahun, >60 tahun",Perempuan,"Pelajar/mahasiswa, Petani, Nelayan, Pekerja informal, IRT","Kelas atas, Kelas menengah, Menuju kelas menengah, Kelas rentan, Kelas miskin","Pusat Kota dan Keramaian, Permukiman penduduk, Desa dan Alam",,,,,,,,,,,,,,,
70010102,Barbershop,Mikro,11-30 JT,Jasa kesehatan dan kecantikan,11-20 JT ,"2-11 tahun, 12-17 tahun, 18-39 tahun, 40-59 tahun, >60 tahun",Laki-laki,"Pelajar/mahasiswa, Pegawai negeri sipil, Wiraswasta, Pekerja informal, IRT","Kelas atas, Kelas menengah","Pusat Kota dan Keramaian, Permukiman penduduk, Pusat perbelanjaan",,,,,,,,,,,,,,,
70020102,Barbershop,Kecil ,30-50 JT,Jasa kesehatan dan kecantikan,31-40 JT,"2-11 tahun, 12-17 tahun, 18-39 tahun, 40-59 tahun, >60 tahun",Laki-laki,"Pelajar/mahasiswa, Pegawai negeri sipil, Wiraswasta, Pekerja informal, IRT","Kelas atas, Kelas menengah","Pusat Kota dan Keramaian, Permukiman penduduk, Pusat perbelanjaan",,,,,,,,,,,,,,,
70030102,Barbershop,Menengah,50-500 JT,Jasa kesehatan dan kecantikan,41-50 JT ,"2-11 tahun, 12-17 tahun, 18-39 tahun, 40-59 tahun, >60 tahun",Laki-laki,"Pelajar/mahasiswa, Pegawai negeri sipil, Wiraswasta, Pekerja informal, IRT","Kelas atas, Kelas menengah","Pusat Kota dan Keramaian, Permukiman penduduk, Pusat perbelanjaan",,,,,,,,,,,,,,,
30010103,Bisnis Makanan Frozen Food,Mikro,5-10 JT,Industri makanan dan minuman,0-10 JT,"2-11 tahun, 12-17 tahun, 18-39 tahun, 40-59 tahun","Laki-laki, Perempuan","Pelajar/mahasiswa, Pegawai negeri sipil, Wiraswasta, IRT","Kelas atas, Kelas menengah, Menuju kelas menengah","Pusat Kota dan Keramaian, Permukiman penduduk, Pusat perbelanjaan",,,,,,,,,,,,,,,
30020103,Bisnis Makanan Frozen Food,Kecil ,11-30 JT,Industri makanan dan minuman,11-20 JT ,"2-11 tahun, 12-17 tahun, 18-39 tahun, 40-59 tahun","Laki-laki, Perempuan","Pelajar/mahasiswa, Pegawai negeri sipil, Wiraswasta, IRT","Kelas atas, Kelas menengah, Menuju kelas menengah","Pusat Kota dan Keramaian, Permukiman penduduk, Pusat perbelanjaan",,,,,,,,,,,,,,,
30030103,Bisnis Makanan Frozen Food,Menengah,30-50 JT,Industri makanan dan minuman,31-40 JT,"2-11 tahun, 12-17 tahun, 18-39 tahun, 40-59 tahun","Laki-laki, Perempuan","Pelajar/mahasiswa, Pegawai negeri sipil, Wiraswasta, IRT","Kelas atas, Kelas menengah, Menuju kelas menengah","Pusat Kota dan Keramaian, Permukiman penduduk, Pusat perbelanjaan",,,,,,,,,,,,,,,
10010104,Budidaya Sayur Hidroponik Rumahan,Mikro,5-10 JT,Pertanian dan perkebunan,0-10 JT,"18-39 tahun, 40-59 tahun, >60 tahun","Laki-laki, Perempuan","Petani, Pensiunan, Tidak bekerja tapi menerima penghasilan pasif, Pekerja informal, IRT","Kelas atas, Kelas menengah, Menuju kelas menengah, Kelas rentan, Kelas miskin","Pegunungan, Desa dan Alam, Permukiman penduduk",,,,,,,,,,,,,,,
10020104,Budidaya Sayur Hidroponik Rumahan,Kecil ,11-30 JT,Pertanian dan perkebunan,11-20 JT ,"18-39 tahun, 40-59 tahun, >60 tahun","Laki-laki, Perempuan","Petani, Pekerja informal, IRT","Kelas atas, Kelas menengah, Menuju kelas menengah, Kelas rentan, Kelas miskin","Pegunungan, Desa dan Alam, Permukiman penduduk",,,,,,,,,,,,,,,
10030104,Budidaya Sayur Hidroponik Rumahan,Menengah,30-50 JT,Pertanian dan perkebunan,21-30 JT,"18-39 tahun, 40-59 tahun, >60 tahun","Laki-laki, Perempuan","Petani, Pekerja informal, IRT","Kelas atas, Kelas menengah, Menuju kelas menengah, Kelas rentan, Kelas miskin","Pegunungan, Desa dan Alam, Permukiman penduduk",,,,,,,,,,,,,,,
95010105,Butik,Mikro,11-30 JT,Industri fashion dan tekstil ,21-30 JT," 18-39 tahun, 40-59 tahun",Perempuan,"Pelajar/mahasiswa, Pegawai negeri sipil, Wiraswasta, Pekerja informal, IRT","Kelas atas, Kelas menengah","Pusat Kota dan Keramaian, Permukiman penduduk, Pusat perbelanjaan",,,,,,,,,,,,,,,
95020105,Butik,Kecil ,30-50 JT,Industri fashion dan tekstil ,21-30 JT," 18-39 tahun, 40-59 tahun",Perempuan,"Pelajar/mahasiswa, Pegawai negeri sipil, Wiraswasta, IRT","Kelas atas, Kelas menengah","Pusat Kota dan Keramaian, Pusat perbelanjaan",,,,,,,,,,,,,,,
95030105,Butik,Menengah,50-500 JT,Industri fashion dan tekstil ,>50 JT ," 18-39 tahun, 40-59 tahun",Perempuan,"Pelajar/mahasiswa, Pegawai negeri sipil, Wiraswasta, IRT",Kelas atas,"Pusat Kota dan Keramaian, Pusat perbelanjaan",,,,,,,,,,,,,,,
30010106,Kafetaria,Mikro,11-30 JT,Industri makanan dan minuman,11-20 JT ,18-39 tahun,"Laki-laki, Perempuan","Pelajar/mahasiswa, Pegawai negeri sipil, Wiraswasta, Pekerja informal, IRT",Kelas Menengah,"Pusat Kota dan Keramaian, Permukiman penduduk, Lingkungan pendidikan, Perkantoran, Pusat perbelanjaan",,,,,,,,,,,,,,,
30020106,Kafetaria,Kecil ,30-50 JT,Industri makanan dan minuman,21-30 JT,18-39 tahun,"Laki-laki, Perempuan","Pelajar/mahasiswa, Pegawai negeri sipil, Wiraswasta, Pekerja informal, IRT",Kelas Menengah,"Pusat Kota dan Keramaian, Permukiman penduduk, Lingkungan pendidikan, Perkantoran, Pusat perbelanjaan",,,,,,,,,,,,,,,
30030106,Kafetaria,Menengah,50-500 JT,Industri makanan dan minuman,>50 JT ,18-39 tahun,"Laki-laki, Perempuan","Pelajar/mahasiswa, Pegawai negeri sipil, Wiraswasta, Pekerja informal, IRT","Kelas atas, Kelas menengah","Pusat Kota dan Keramaian, Permukiman penduduk, Lingkungan pendidikan, Perkantoran, Pusat perbelanjaan",,,,,,,,,,,,,,,
92010107,Laundry,Mikro,5-10 JT,Jasa kebersihan,0-10 JT,"18-39 tahun, 40-59 tahun, >60 tahun","Laki-laki, Perempuan","Pelajar/mahasiswa, Pegawai negeri sipil, Wiraswasta, Tidak bekerja tapi menerima penghasilan pasif, Pekerja informal, IRT","Kelas atas, Kelas menengah, Menuju kelas menengah","Pusat Kota dan Keramaian, Permukiman penduduk",,,,,,,,,,,,,,,
92020107,Laundry,Kecil ,11-30 JT,Jasa kebersihan,11-20 JT ,"18-39 tahun, 40-59 tahun, >60 tahun","Laki-laki, Perempuan","Pelajar/mahasiswa, Pegawai negeri sipil, Wiraswasta, IRT","Kelas atas, Kelas menengah, Menuju kelas menengah","Pusat Kota dan Keramaian, Permukiman penduduk",,,,,,,,,,,,,,,
92030107,Laundry,Menengah,30-50 JT,Jasa kebersihan,31-40 JT,"18-39 tahun, 40-59 tahun, >60 tahun","Laki-laki, Perempuan","Pelajar/mahasiswa, Pegawai negeri sipil, Wiraswasta, IRT","Kelas atas, Kelas menengah, Menuju kelas menengah","Pusat Kota dan Keramaian, Permukiman penduduk",,,,,,,,,,,,,,,
70010108,Pet Shop,Mikro,5-10 JT,Jasa kesehatan dan kecantikan,0-10 JT,"2-11 tahun, 12-17 tahun, 18-39 tahun, 40-59 tahun, >60 tahun","Laki-laki, Perempuan","Pelajar/mahasiswa, Pegawai negeri sipil, Wiraswasta, Tidak bekerja tapi menerima penghasilan pasif, Pekerja informal, IRT","Kelas atas, Kelas menengah","Pusat Kota dan Keramaian, Permukiman penduduk",,,,,,,,,,,,,,,
70020108,Pet Shop,Kecil ,30-50 JT,Jasa kesehatan dan kecantikan,31-40 JT,"2-11 tahun, 12-17 tahun, 18-39 tahun, 40-59 tahun, >60 tahun","Laki-laki, Perempuan","Pelajar/mahasiswa, Pegawai negeri sipil, Wiraswasta, Tidak bekerja tapi menerima penghasilan pasif, Pekerja informal, IRT","Kelas atas, Kelas menengah","Pusat Kota dan Keramaian, Permukiman penduduk",,,,,,,,,,,,,,,
70030109,Pet Shop,Menengah,50-500 JT,Jasa kesehatan dan kecantikan,>50 JT ,"2-11 tahun, 12-17 tahun, 18-39 tahun, 40-59 tahun, >60 tahun","Laki-laki, Perempuan","Pelajar/mahasiswa, Pegawai negeri sipil, Wiraswasta, Tidak bekerja tapi menerima penghasilan pasif, Pekerja informal, IRT",Kelas atas,"Pusat Kota dan Keramaian, Permukiman penduduk",,,,,,,,,,,,,,,
50010109,Produksi Produk Olahan Limbah,Mikro,<=3 JT,Industri kerajinan tangan dan souvenir,0-10 JT,"12-17 tahun, 18-39 tahun, 40-59 tahun, >60 tahun","Laki-laki, Perempuan","Pelajar/mahasiswa, Pegawai negeri sipil, Wiraswasta, Pekerja informal, IRT","Kelas atas, Kelas menengah, Menuju kelas menengah, Kelas rentan, Kelas miskin","Pusat Kota dan Keramaian, Desa dan Alam, Permukiman penduduk, Pusat perbelanjaan",,,,,,,,,,,,,,,
50020110,Produksi Produk Olahan Limbah,Kecil ,5-10 JT,Industri kerajinan tangan dan souvenir,0-10 JT,"12-17 tahun, 18-39 tahun, 40-59 tahun, >60 tahun","Laki-laki, Perempuan","Pelajar/mahasiswa, Pegawai negeri sipil, Wiraswasta, Pekerja informal, IRT","Kelas atas, Kelas menengah, Menuju kelas menengah, Kelas rentan, Kelas miskin","Pusat Kota dan Keramaian, Desa dan Alam, Permukiman penduduk, Pusat perbelanjaan",,,,,,,,,,,,,,,
50030110,Produksi Produk Olahan Limbah,Menengah,30-50 JT,Industri kerajinan tangan dan souvenir,21-30 JT,"12-17 tahun, 18-39 tahun, 40-59 tahun, >60 tahun","Laki-laki, Perempuan","Pelajar/mahasiswa, Pegawai negeri sipil, Wiraswasta, Pekerja informal, IRT","Kelas atas, Kelas menengah, Menuju kelas menengah, Kelas rentan, Kelas miskin","Pusat Kota dan Keramaian, Desa dan Alam, Permukiman penduduk, Pusat perbelanjaan",,,,,,,,,,,,,,,
30010110,Rumah Makan Masakan Rumahan,Mikro,<=3 JT,Industri makanan dan minuman,0-10 JT," 18-39 tahun, 40-59 tahun","Laki-laki, Perempuan","Pengangguran, Pelajar/mahasiswa, Pegawai negeri sipil, Wiraswasta, Tidak bekerja tapi menerima penghasilan pasif, Pekerja informal, IRT","Kelas atas, Kelas menengah, Menuju kelas menengah, Kelas rentan, Kelas miskin","Pusat Kota dan Keramaian, Permukiman penduduk",,,,,,,,,,,,,,,
30020111,Rumah Makan Masakan Rumahan,Kecil ,11-30 JT,Industri makanan dan minuman,11-20 JT ," 18-39 tahun, 40-59 tahun","Laki-laki, Perempuan","Pelajar/mahasiswa, Pegawai negeri sipil, Wiraswasta, Tidak bekerja tapi menerima penghasilan pasif, Pekerja informal","Kelas atas, Kelas menengah, Menuju kelas menengah, Kelas rentan, Kelas miskin","Pusat Kota dan Keramaian, Lingkungan pendidikan, Perkantoran",,,,,,,,,,,,,,,
30030112,Rumah Makan Masakan Rumahan,Menengah,30-50 JT,Industri makanan dan minuman,31-40 JT," 18-39 tahun, 40-59 tahun","Laki-laki, Perempuan","Pelajar/mahasiswa, Pegawai negeri sipil, Wiraswasta,Tidak bekerja tapi menerima penghasilan pasif, Pekerja informal","Kelas atas, Kelas menengah, Menuju kelas menengah, Kelas rentan, Kelas miskin","Pusat Kota dan Keramaian, Lingkungan pendidikan, Perkantoran",,,,,,,,,,,,,,,
30010112,Rumah Makanan Khas Daerah,Mikro,30-50 JT,Industri makanan dan minuman,11-20 JT ,"18-39 tahun, 40-59 tahun, >60 tahun","Laki-laki, Perempuan","Pengangguran, Pelajar/mahasiswa, Pegawai negeri sipil, Wiraswasta, Tidak bekerja tapi menerima penghasilan pasif, Pekerja informal, IRT",Kelas menengah,"Pusat Kota dan Keramaian, Pusat perbelanjaan",,,,,,,,,,,,,,,
30020112,Rumah Makanan Khas Daerah,Kecil ,50-500 JT,Industri makanan dan minuman,21-30 JT,"18-39 tahun, 40-59 tahun, >60 tahun","Laki-laki, Perempuan","Pelajar/mahasiswa, Pegawai negeri sipil, Wiraswasta, Tidak bekerja tapi menerima penghasilan pasif, Pekerja informal","Kelas atas, Kelas menengah","Pusat Kota dan Keramaian, Pusat perbelanjaan, Area wisata, Perkantoran",,,,,,,,,,,,,,,
30020113,Rumah Makanan Mancanegara,Kecil ,30-50 JT,Industri makanan dan minuman,21-30 JT,"18-39 tahun, 40-59 tahun, >60 tahun","Laki-laki, Perempuan","Pengangguran, Pelajar/mahasiswa, Pegawai negeri sipil, Wiraswasta, Tidak bekerja tapi menerima penghasilan pasif, Pekerja informal, IRT",Kelas menengah,"Pusat Kota dan Keramaian, Pusat perbelanjaan",,,,,,,,,,,,,,,
30030113,Rumah Makanan Mancanegara,Menengah,50-500 JT,Industri makanan dan minuman,>50 JT ,"18-39 tahun, 40-59 tahun, >60 tahun","Laki-laki, Perempuan","Pelajar/mahasiswa, Pegawai negeri sipil, Wiraswasta, Tidak bekerja tapi menerima penghasilan pasif, Pekerja informal","Kelas atas, Kelas menengah","Pusat Kota dan Keramaian, Pusat perbelanjaan, Area wisata, Perkantoran",,,,,,,,,,,,,,,
30010113,Rumah Makanan Mancanegara,Mikro,30-50 JT,Industri makanan dan minuman,11-20 JT ,"18-39 tahun, 40-59 tahun, >60 tahun","Laki-laki, Perempuan","Pelajar/mahasiswa, Pegawai negeri sipil, Wiraswasta, Tidak bekerja tapi menerima penghasilan pasif, Pekerja informal","Kelas atas, Kelas menengah","Pusat Kota dan Keramaian, Pusat perbelanjaan, Area wisata, Perkantoran",,,,,,,,,,,,,,,
70010114,Salon,Mikro,11-30 JT,Jasa kesehatan dan kecantikan,0-10 JT," 2-11 tahun, 12-17 tahun, 18-39 tahun",Perempuan,"Pelajar/mahasiswa, Pegawai negeri sipil, Wiraswasta, Tidak bekerja tapi menerima penghasilan pasif, Pekerja informal, IRT","Kelas atas, Kelas menengah, Menuju kelas menengah","Pusat Kota dan Keramaian, Permukiman penduduk, Pusat perbelanjaan",,,,,,,,,,,,,,,
70020114,Salon,Kecil ,30-50 JT,Jasa kesehatan dan kecantikan,21-30 JT," 2-11 tahun, 12-17 tahun, 18-39 tahun",Perempuan,"Pelajar/mahasiswa, Pegawai negeri sipil, Wiraswasta, Tidak bekerja tapi menerima penghasilan pasif, Pekerja informal, IRT","Kelas atas, Kelas menengah","Pusat Kota dan Keramaian, Pusat perbelanjaan",,,,,,,,,,,,,,,
70030114,Salon,Menengah,50-500 JT,Jasa kesehatan dan kecantikan,41-50 JT ," 2-11 tahun, 12-17 tahun, 18-39 tahun",Perempuan,"Pelajar/mahasiswa, Pegawai negeri sipil, Wiraswasta, Tidak bekerja tapi menerima penghasilan pasif, Pekerja informal, IRT","Kelas atas, Kelas menengah","Pusat Kota dan Keramaian, Pusat perbelanjaan",,,,,,,,,,,,,,,
30010115,Street Food,Mikro,<=3 JT ,Industri makanan dan minuman,0-10 JT," 12-17 tahun, 18-39 tahun, 40-59 tahun","Laki-laki, Perempuan","Pengangguran, Pelajar/mahasiswa, Pegawai negeri sipil, Wiraswasta, Tidak bekerja tapi menerima penghasilan pasif, Pekerja informal, IRT","Kelas atas, Kelas menengah, Menuju kelas menengah, Kelas rentan, Kelas miskin","Pegunungan, Pusat Kota dan Keramaian, Lingkungan pendidikan, Pelabuhan dan Laut, Area Wisata, Permukiman penduduk, Terminal/transportasi umum",,,,,,,,,,,,,,,
30020115,Street Food,Kecil ,11-30 JT,Industri makanan dan minuman,11-20 JT ," 12-17 tahun, 18-39 tahun, 40-59 tahun","Laki-laki, Perempuan","Pelajar/mahasiswa, Pegawai negeri sipil, Wiraswasta, Tidak bekerja tapi menerima penghasilan pasif, Pekerja informal, IRT","Kelas atas, Kelas menengah, Menuju kelas menengah","Pusat Kota dan Keramaian, Area Wisata, Pusat Perbelanjaan",,,,,,,,,,,,,,,
30030115,Street Food,Menengah,30-50 JT,Industri makanan dan minuman,21-30 JT," 12-17 tahun, 18-39 tahun, 40-59 tahun","Laki-laki, Perempuan","Pelajar/mahasiswa, Pegawai negeri sipil, Wiraswasta, Tidak bekerja tapi menerima penghasilan pasif, Pekerja informal, IRT","Kelas atas, Kelas menengah","Pusat Kota dan Keramaian, Area Wisata, Pusat Perbelanjaan",,,,,,,,,,,,,,,
95020116,Toko Bahan Bangunan,Kecil ,50-500 JT,Lainnya,>50 JT ," 18-39 tahun, 40-59 tahun, >60 tahun","Laki-laki, Perempuan","Pengangguran, Pelajar/mahasiswa, Pegawai negeri sipil, Wiraswasta, Petani, Nelayan, Pensiunan, Tidak bekerja tapi menerima penghasilan pasif, Pekerja informal","Kelas atas, Kelas menengah","Pusat Kota dan Keramaian, Permukiman penduduk, Pusat perbelanjaan",,,,,,,,,,,,,,,
95030116,Toko Bahan Bangunan,Menengah,<=1 M,Lainnya,>50 JT ," 18-39 tahun, 40-59 tahun, >60 tahun","Laki-laki, Perempuan","Pengangguran, Pelajar/mahasiswa, Pegawai negeri sipil, Wiraswasta, Petani, Nelayan, Pensiunan, Tidak bekerja tapi menerima penghasilan pasif, Pekerja informal","Kelas atas, Kelas menengah","Pusat Kota dan Keramaian, Permukiman penduduk, Pusat perbelanjaan",,,,,,,,,,,,,,,
95010117,Toko Bahan dan Keperluan Jahit,Mikro,11-30 JT,Industri fashion dan tekstil ,0-10 JT,"18-39 tahun, 40-59 tahun, >60 tahun",Perempuan,"Pelajar/mahasiswa, Pensiunan, Tidak bekerja tapi menerima penghasilan pasif, Pekerja informal, IRT","Kelas atas, Kelas menengah, Menuju kelas menengah, Kelas rentan, Kelas miskin","Pusat Kota dan Keramaian, Permukiman penduduk, Pusat perbelanjaan",,,,,,,,,,,,,,,
95020117,Toko Bahan dan Keperluan Jahit,Kecil ,30-50 JT,Industri fashion dan tekstil ,21-30 JT,"18-39 tahun, 40-59 tahun, >60 tahun",Perempuan,"Pelajar/mahasiswa, Pensiunan, Tidak bekerja tapi menerima penghasilan pasif, Pekerja informal, IRT","Kelas atas, Kelas menengah, Menuju kelas menengah","Pusat Kota dan Keramaian, Permukiman penduduk, Pusat perbelanjaan",,,,,,,,,,,,,,,
95030117,Toko Bahan dan Keperluan Jahit,Menengah,50-500 JT,Industri fashion dan tekstil ,>50 JT ,"18-39 tahun, 40-59 tahun, >60 tahun",Perempuan,"Pelajar/mahasiswa, Pensiunan, Tidak bekerja tapi menerima penghasilan pasif, Pekerja informal, IRT","Kelas atas, Kelas menengah, Menuju kelas menengah","Pusat Kota dan Keramaian, Permukiman penduduk, Pusat perbelanjaan",,,,,,,,,,,,,,,
10010118,Toko Bibit dan Perlengkapan Ikan,Mikro,11-30 JT,Pertanian dan perkebunan,0-10 JT,"18-39 tahun, 40-59 tahun, >60 tahun","Laki-laki, Perempuan","Petani, Nelayan","Kelas atas, Kelas menengah, Menuju kelas menengah, Kelas rentan, Kelas miskin","Pegunungan, Desa dan Alam, Permukiman penduduk",,,,,,,,,,,,,,,
10020118,Toko Bibit dan Perlengkapan Ikan,Kecil ,50-500 JT,Pertanian dan perkebunan,>50 JT ,"18-39 tahun, 40-59 tahun, >60 tahun","Laki-laki, Perempuan","Petani, Nelayan","Kelas atas, Kelas menengah, Menuju kelas menengah, Kelas rentan, Kelas miskin","Pegunungan, Desa dan Alam, Permukiman penduduk",,,,,,,,,,,,,,,
10020118,Toko Bibit dan Perlengkapan Ikan,Kecil ,50-500 JT,Pertanian dan perkebunan,>50 JT ,"18-39 tahun, 40-59 tahun, >60 tahun","Laki-laki, Perempuan","Petani, Nelayan","Kelas atas, Kelas menengah, Menuju kelas menengah, Kelas rentan, Kelas miskin","Pegunungan, Desa dan Alam, Permukiman penduduk",,,,,,,,,,,,,,,
95010119,Toko Bibit dan Perlengkapan Tanaman,Mikro,11-30 JT,Pertanian dan perkebunan ,0-10 JT,"18-39 tahun, 40-59 tahun, >60 tahun","Laki-laki, Perempuan","Pengangguran, Pelajar/mahasiswa, Petani, Pensiunan, Tidak bekerja tapi menerima penghasilan pasif, Pekerja informal, IRT","Kelas atas, Kelas menengah, Menuju kelas menengah, Kelas rentan, Kelas miskin","Pegunungan, Pusat Kota dan Keramaian, Desa dan Alam, Permukiman penduduk",,,,,,,,,,,,,,,
95020119,Toko Bibit dan Perlengkapan Tanaman,Kecil ,30-50 JT,Pertanian dan perkebunan ,11-20 JT ,"18-39 tahun, 40-59 tahun, >60 tahun","Laki-laki, Perempuan"," Petani, Pensiunan, Tidak bekerja tapi menerima penghasilan pasif, Pekerja informal, IRT","Kelas atas, Kelas menengah","Pegunungan, Pusat Kota dan Keramaian, Desa dan Alam, Permukiman penduduk",,,,,,,,,,,,,,,
95030119,Toko Bibit dan Perlengkapan Tanaman,Menengah,30-50 JT,Pertanian dan perkebunan ,21-30 JT,"18-39 tahun, 40-59 tahun, >60 tahun","Laki-laki, Perempuan"," Petani, Pensiunan, Tidak bekerja tapi menerima penghasilan pasif, Pekerja informal, IRT","Kelas atas, Kelas menengah","Pegunungan, Pusat Kota dan Keramaian, Desa dan Alam, Permukiman penduduk",,,,,,,,,,,,,,,
95020120,Toko Emas dan Berlian,Kecil ,30-50 JT,Industri fashion dan tekstil ,31-40 JT,"18-39 tahun, 40-59 tahun, >60 tahun",Perempuan,"Pelajar/mahasiswa, Pegawai negeri sipil, Wiraswasta, Pekerja informal",Kelas atas,"Pusat Kota dan Keramaian, Pusat perbelanjaan",,,,,,,,,,,,,,,
95030120,Toko Emas dan Berlian,Menengah,50-500 JT,Industri fashion dan tekstil ,>50 JT,"18-39 tahun, 40-59 tahun, >60 tahun",Perempuan,"Pelajar/mahasiswa, Pegawai negeri sipil, Wiraswasta, Pekerja informal",Kelas atas,"Pusat Kota dan Keramaian, Pusat perbelanjaan",,,,,,,,,,,,,,,
30010121,Toko Kelontong,Mikro,5-10 JT,Industri makanan dan minuman,0-10 JT,"2-11 tahun, 12-17 tahun, 18-39 tahun, 40-59 tahun","Laki-laki, Perempuan","Pengangguran, Pelajar/mahasiswa, Pegawai negeri sipil, Wiraswasta, Petani, Nelayan, Pensiunan, Tidak bekerja tapi menerima penghasilan pasif, Pekerja informal, IRT","Kelas atas, Kelas menengah, Menuju kelas menengah, Kelas rentan, Kelas miskin","Pusat Kota dan Keramaian, Desa dan Alam, Permukiman penduduk, Terminal/transportasi umum",,,,,,,,,,,,,,,
30020121,Toko Kelontong,Kecil ,30-50 JT,Industri makanan dan minuman,21-30 JT,"2-11 tahun, 12-17 tahun, 18-39 tahun, 40-59 tahun","Laki-laki, Perempuan","Pelajar/mahasiswa, Pegawai negeri sipil, Wiraswasta, Pensiunan, Tidak bekerja tapi menerima penghasilan pasif, Pekerja informal, IRT","Kelas atas, Kelas menengah, Menuju kelas menengah, Kelas rentan, Kelas miskin","Pusat Kota dan Keramaian, Permukiman penduduk, Pusat Perbelanjaan",,,,,,,,,,,,,,,
30030121,Toko Kelontong,Menengah,50-500 JT,Industri makanan dan minuman,>50 JT ,"2-11 tahun, 12-17 tahun, 18-39 tahun, 40-59 tahun","Laki-laki, Perempuan","Pelajar/mahasiswa, Pegawai negeri sipil, Wiraswasta, Pensiunan, Tidak bekerja tapi menerima penghasilan pasif, Pekerja informal, IRT","Kelas atas, Kelas menengah","Pusat Kota dan Keramaian, Permukiman penduduk, Pusat Perbelanjaan",,,,,,,,,,,,,,,
70010122,Toko Kosmetik dan Skincare,Mikro,11-30 JT,Jasa kesehatan dan kecantikan,0-10 JT,18-39 tahun,"Laki-laki, Perempuan","Pelajar/mahasiswa, Pegawai negeri sipil, Wiraswasta, Pekerja informal, IRT","Kelas atas, Kelas menengah","Pusat Kota dan Keramaian,Permukiman penduduk, Pusat perbelanjaan",,,,,,,,,,,,,,,
70030122,Toko Kosmetik dan Skincare,Kecil,30-50 JT,Jasa kesehatan dan kecantikan,11-20 JT ,18-39 tahun,"Laki-laki, Perempuan","Pelajar/mahasiswa, Pegawai negeri sipil, Wiraswasta, Pekerja informal, IRT","Kelas atas, Kelas menengah","Pusat Kota dan Keramaian,Permukiman penduduk, Pusat perbelanjaan",,,,,,,,,,,,,,,
70030122,Toko Kosmetik dan Skincare,Menengah,50-500 JT,Jasa kesehatan dan kecantikan,>50 JT ,18-39 tahun,"Laki-laki, Perempuan","Pelajar/mahasiswa, Pegawai negeri sipil, Wiraswasta, Pekerja informal, IRT","Kelas atas, Kelas menengah","Pusat Kota dan Keramaian,Permukiman penduduk, Pusat perbelanjaan",,,,,,,,,,,,,,,
60010123,Toko Mainan Anak,Mikro,3-5 JT,Pendidikan dan pelatihan,0-10 JT,2-11 tahun,"Laki-laki, Perempuan ",IRT,"Kelas atas, Kelas menengah","Pusat Kota dan Keramaian, Permukiman penduduk",,,,,,,,,,,,,,,
60020123,Toko Mainan Anak,Kecil ,30-50 JT,Pendidikan dan pelatihan,11-20 JT ,2-11 tahun,"Laki-laki, Perempuan ",IRT,"Kelas atas, Kelas menengah","Pusat Kota dan Keramaian, Pusat perbelanjaan",,,,,,,,,,,,,,,
60030123,Toko Mainan Anak,Menengah,50-500 JT,Pendidikan dan pelatihan,41-50 JT ,2-11 tahun,"Laki-laki, Perempuan ",IRT,"Kelas atas, Kelas menengah","Pusat Kota dan Keramaian, Pusat perbelanjaan",,,,,,,,,,,,,,,
70010124,Toko Obat dan Produk Kesehatan,Mikro,<=3 JT,Jasa kesehatan dan kecantikan,0-10 JT,"0-23 bulan, 2-11 tahun, 12-17 tahun, 18-39 tahun, 40-59 tahun, >60 tahun","Laki-laki, Perempuan","Pengangguran, Pelajar/mahasiswa, Pegawai negeri sipil, Wiraswasta, Petani, Nelayan, Pensiunan, Tidak bekerja tapi menerima penghasilan pasif, Pekerja informal, IRT","Kelas atas, Kelas menengah, Menuju kelas menengah, Kelas rentan, Kelas miskin","Pusat Kota dan Keramaian, Permukiman penduduk, Pusat perbelanjaan",,,,,,,,,,,,,,,
70020124,Toko Obat dan Produk Kesehatan,Kecil ,30-50 JT,Jasa kesehatan dan kecantikan,11-20 JT ,"0-23 bulan, 2-11 tahun, 12-17 tahun, 18-39 tahun, 40-59 tahun, >60 tahun","Laki-laki, Perempuan","Pengangguran, Pelajar/mahasiswa, Pegawai negeri sipil, Wiraswasta, Petani, Nelayan, Pensiunan, Tidak bekerja tapi menerima penghasilan pasif, Pekerja informal, IRT","Kelas atas, Kelas menengah, Menuju kelas menengah, Kelas rentan, Kelas miskin","Pusat Kota dan Keramaian, Permukiman penduduk, Pusat perbelanjaan",,,,,,,,,,,,,,,
70030124,Toko Obat dan Produk Kesehatan,Menengah,50-500 JT,Jasa kesehatan dan kecantikan,>50 JT ,"0-23 bulan, 2-11 tahun, 12-17 tahun, 18-39 tahun, 40-59 tahun, >60 tahun","Laki-laki, Perempuan","Pengangguran, Pelajar/mahasiswa, Pegawai negeri sipil, Wiraswasta, Petani, Nelayan, Pensiunan, Tidak bekerja tapi menerima penghasilan pasif, Pekerja informal, IRT","Kelas atas, Kelas menengah, Menuju kelas menengah, Kelas rentan, Kelas miskin","Pusat Kota dan Keramaian, Permukiman penduduk, Pusat perbelanjaan",,,,,,,,,,,,,,,
50030125,Toko Peralatan Barang Rumah Tangga,Kecil,30-50 JT,Industri kerajinan tangan dan souvenir,21-30 JT,"18-39 tahun, 40-59 tahun, >60 tahun",Perempuan,IRT,"Kelas atas, Kelas menengah","Pusat Kota dan Keramaian, Permukiman penduduk, Pusat perbelanjaan",,,,,,,,,,,,,,,
50030125,Toko Peralatan Barang Rumah Tangga,Menengah,50-500 JT,Industri kerajinan tangan dan souvenir,41-50 JT ,"18-39 tahun, 40-59 tahun, >60 tahun",Perempuan,IRT,"Kelas atas, Kelas menengah","Pusat Kota dan Keramaian, Permukiman penduduk, Pusat perbelanjaan",,,,,,,,,,,,,,,
30010126,Toko Perlengkapan dan Kebutuhan Bayi dan Balita ,Mikro,11-30 JT,Industri makanan dan minuman,11-20 JT ,"0-23 bulan, 2-11 tahun",Perempuan,IRT,"Kelas atas, Kelas menengah, Menuju kelas menengah","Pusat Kota dan Keramaian, Permukiman penduduk",,,,,,,,,,,,,,,
30020126,Toko Perlengkapan dan Kebutuhan Bayi dan Balita ,Kecil ,30-50 JT,Industri makanan dan minuman,21-30 JT,"0-23 bulan, 2-11 tahun",Perempuan,IRT,"Kelas atas, Kelas menengah","Pusat Kota dan Keramaian, Pusat perbelanjaan",,,,,,,,,,,,,,,
30030126,Toko Perlengkapan dan Kebutuhan Bayi dan Balita ,Menengah,50-500 JT,Industri makanan dan minuman,41-50 JT ,"0-23 bulan, 2-11 tahun",Perempuan,IRT,"Kelas atas, Kelas menengah","Pusat Kota dan Keramaian, Pusat perbelanjaan",,,,,,,,,,,,,,,
50010127,Toko Perlengkapan Dapur,Mikro,11-30 JT,Industri kerajinan tangan dan souvenir,11-20 JT,"18-39 tahun, 40-59 tahun, >60 tahun",Perempuan,IRT,"Kelas atas, Kelas menengah, Menuju kelas menengah","Pusat Kota dan Keramaian, Permukiman penduduk, Pusat perbelanjaan",,,,,,,,,,,,,,,
50020127,Toko Perlengkapan Dapur,Kecil ,30-50 JT,Industri kerajinan tangan dan souvenir,21-30 JT,"18-39 tahun, 40-59 tahun, >60 tahun",Perempuan,IRT,"Kelas atas, Kelas menengah","Pusat Kota dan Keramaian, Permukiman penduduk, Pusat perbelanjaan",,,,,,,,,,,,,,,
50030127,Toko Perlengkapan Dapur,Menengah,50-500 JT,Industri kerajinan tangan dan souvenir,41-50 JT ,"18-39 tahun, 40-59 tahun, >60 tahun",Perempuan,IRT,"Kelas atas, Kelas menengah","Pusat Kota dan Keramaian, Permukiman penduduk, Pusat perbelanjaan",,,,,,,,,,,,,,,
95010128,Toko Perlengkapan Fashion,Mikro,11-30 JT,Industri fashion dan tekstil ,11-20 JT,"18-39 tahun, 40-59 tahun, >60 tahun",Perempuan,"Pelajar/mahasiswa, Pegawai negeri sipil, Wiraswasta, Pekerja informal","Kelas atas, Kelas menengah","Pusat Kota dan Keramaian, Pusat perbelanjaan",,,,,,,,,,,,,,,
95020128,Toko Perlengkapan Fashion,Kecil ,30-50 JT,Industri fashion dan tekstil ,21-30 JT,"18-39 tahun, 40-59 tahun, >60 tahun",Perempuan,"Pelajar/mahasiswa, Pegawai negeri sipil, Wiraswasta, Pekerja informal","Kelas atas, Kelas menengah","Pusat Kota dan Keramaian, Pusat perbelanjaan",,,,,,,,,,,,,,,
95030128,Toko Perlengkapan Fashion,Menengah,50-500 JT,Industri fashion dan tekstil ,41-50 JT ,"18-39 tahun, 40-59 tahun, >60 tahun",Perempuan,"Pelajar/mahasiswa, Pegawai negeri sipil, Wiraswasta, Pekerja informal","Kelas atas, Kelas menengah","Pusat Kota dan Keramaian, Pusat perbelanjaan",,,,,,,,,,,,,,,
95010129,Toko Perlengkapan Listrik,Mikro,30-50 JT ,Jasa teknologi informasi dan komunikasi ,21-30 JT,"18-39 tahun, 40-59 tahun, >60 tahun",Laki-laki,"Pelajar/mahasiswa, Pegawai negeri sipil, Wiraswasta, Pekerja informal","Kelas atas, Kelas menengah","Pusat Kota dan Keramaian, Permukiman penduduk, Pusat perbelanjaan",,,,,,,,,,,,,,,
95020129,Toko Perlengkapan Listrik,Kecil ,50-500 JT,Jasa teknologi informasi dan komunikasi ,41-50 JT ,"18-39 tahun, 40-59 tahun, >60 tahun",Laki-laki,"Pelajar/mahasiswa, Pegawai negeri sipil, Wiraswasta, Pekerja informal","Kelas atas, Kelas menengah","Pusat Kota dan Keramaian, Permukiman penduduk, Pusat perbelanjaan",,,,,,,,,,,,,,,
95010130,Toko Perlengkapan Seragam,Mikro,11-30 JT,Industri fashion dan tekstil ,11-20 JT ,"2-11 tahun, 12-17 tahun","Laki-laki, Perempuan","Pelajar/mahasiswa, Pegawai negeri sipil, IRT","Kelas atas, Kelas menengah, Menuju kelas menengah, Kelas rentan, Kelas miskin","Pusat Kota dan Keramaian, Desa dan Alam, Lingkungan pendidikan, Permukiman penduduk, Pusat perbelanjaan, Perkantoran",,,,,,,,,,,,,,,
95020130,Toko Perlengkapan Seragam,Kecil ,30-50 JT,Industri fashion dan tekstil ,21-30 JT,"2-11 tahun, 12-17 tahun","Laki-laki, Perempuan","Pelajar/mahasiswa, Pegawai negeri sipil, IRT","Kelas atas, Kelas menengah, Menuju kelas menengah, Kelas rentan, Kelas miskin","Pusat Kota dan Keramaian, Desa dan Alam, Lingkungan pendidikan, Permukiman penduduk, Pusat perbelanjaan, Perkantoran",,,,,,,,,,,,,,,
95030130,Toko Perlengkapan Seragam,Menengah,50-500 JT,Industri fashion dan tekstil ,41-50 JT ,"2-11 tahun, 12-17 tahun","Laki-laki, Perempuan","Pelajar/mahasiswa, Pegawai negeri sipil, IRT","Kelas atas, Kelas menengah, Menuju kelas menengah, Kelas rentan, Kelas miskin","Pusat Kota dan Keramaian, Desa dan Alam, Lingkungan pendidikan, Permukiman penduduk, Pusat perbelanjaan, Perkantoran",,,,,,,,,,,,,,,
50010131,Toko Souvenir,Mikro,3-5 JT,Industri kerajinan tangan dan souvenir,11-20 JT,"12-17 tahun, 18-39 tahun, 40-59 tahun, >60 tahun","Laki-laki, Perempuan","Pelajar/mahasiswa, Pegawai negeri sipil, Wiraswasta, Pekerja informal, IRT","Kelas atas, Kelas menengah","Area Wisata, Terminal/transportasi umum",,,,,,,,,,,,,,,
50020131,Toko Souvenir,Kecil ,30-50 JT,Industri kerajinan tangan dan souvenir,31-40 JT,"12-17 tahun, 18-39 tahun, 40-59 tahun, >60 tahun","Laki-laki, Perempuan","Pelajar/mahasiswa, Pegawai negeri sipil, Wiraswasta, Pekerja informal, IRT",Kelas atas,"Area Wisata, Pusat Perbelanjaan",,,,,,,,,,,,,,,
50030131,Toko Souvenir,Menengah,50-500 JT,Industri kerajinan tangan dan souvenir,>50 JT ,"12-17 tahun, 18-39 tahun, 40-59 tahun, >60 tahun","Laki-laki, Perempuan","Pelajar/mahasiswa, Pegawai negeri sipil, Wiraswasta, Pekerja informal, IRT",Kelas atas,"Area Wisata, Pusat Perbelanjaan",,,,,,,,,,,,,,,
60010132,Usaha Alat Tulis dan Percetakan,Mikro,11-30 JT,Pendidikan dan pelatihan,0-10 JT," 2-11 tahun, 12-17 tahun, 18-39 tahun","Laki-laki, Perempuan","Pelajar/mahasiswa, Pegawai negeri sipil, Wiraswasta","Kelas atas, Kelas menengah","Pusat Kota dan Keramaian, Permukiman penduduk, Lingkungan pendidikan, Perkantoran",,,,,,,,,,,,,,,
60020132,Usaha Alat Tulis dan Percetakan,Kecil ,30-50 JT,Pendidikan dan pelatihan,21-30 JT," 2-11 tahun, 12-17 tahun, 18-39 tahun","Laki-laki, Perempuan","Pelajar/mahasiswa, Pegawai negeri sipil, Wiraswasta","Kelas atas, Kelas menengah","Pusat Kota dan Keramaian, Lingkungan pendidikan, Perkantoran",,,,,,,,,,,,,,,
60030132,Usaha Alat Tulis dan Percetakan,Menengah,50-500 JT,Pendidikan dan pelatihan,>50 JT ," 2-11 tahun, 12-17 tahun, 18-39 tahun","Laki-laki, Perempuan","Pelajar/mahasiswa, Pegawai negeri sipil, Wiraswasta","Kelas atas, Kelas menengah","Pusat Kota dan Keramaian, Lingkungan pendidikan, Perkantoran",,,,,,,,,,,,,,,
50010133,Usaha Art Lukisan,Mikro,3-5 JT,Industri kerajinan tangan dan souvenir,0-10 JT,"18-39 tahun, 40-59 tahun, >60 tahun","Laki-laki, Perempuan","Pelajar/mahasiswa, Pegawai negeri sipil, Wiraswasta, Pekerja informal, IRT","Kelas atas, Kelas menengah","Pusat Kota dan Keramaian, Pusat perbelanjaan",,,,,,,,,,,,,,,
50020133,Usaha Art Lukisan,Kecil ,11-30 JT,Industri kerajinan tangan dan souvenir,11-20 JT ,"18-39 tahun, 40-59 tahun, >60 tahun","Laki-laki, Perempuan","Pelajar/mahasiswa, Pegawai negeri sipil, Wiraswasta, Pekerja informal, IRT","Kelas atas, Kelas menengah","Pusat Kota dan Keramaian, Pusat perbelanjaan",,,,,,,,,,,,,,,
50030133,Usaha Art Lukisan,Menengah,30-50 JT,Industri kerajinan tangan dan souvenir,21-30 JT,"18-39 tahun, 40-59 tahun, >60 tahun","Laki-laki, Perempuan","Pelajar/mahasiswa, Pegawai negeri sipil, Wiraswasta, Pekerja informal, IRT","Kelas atas, Kelas menengah","Pusat Kota dan Keramaian, Pusat perbelanjaan",,,,,,,,,,,,,,,
95010134,Usaha Ayam Potong,Mikro,5-10 JT,Pertanian dan perkebunan ,0-10 JT," 18-39 tahun, 40-59 tahun, >60 tahun","Laki-laki, Perempuan",IRT,"Kelas atas, Kelas menengah, Menuju kelas menengah, Kelas rentan, Kelas miskin","Pusat Kota dan Keramaian, Permukiman penduduk, Pusat perbelanjaan",,,,,,,,,,,,,,,
95020134,Usaha Ayam Potong,Kecil ,11-30 JT,Pertanian dan perkebunan ,11-20 JT ," 18-39 tahun, 40-59 tahun, >60 tahun","Laki-laki, Perempuan",IRT,"Kelas atas, Kelas menengah, Menuju kelas menengah, Kelas rentan, Kelas miskin","Pusat Kota dan Keramaian, Permukiman penduduk, Pusat perbelanjaan",,,,,,,,,,,,,,,
95030134,Usaha Ayam Potong,Menengah,30-50 JT,Pertanian dan perkebunan ,41-50 JT ," 18-39 tahun, 40-59 tahun, >60 tahun","Laki-laki, Perempuan",IRT,"Kelas atas, Kelas menengah, Menuju kelas menengah, Kelas rentan, Kelas miskin","Pusat Kota dan Keramaian, Permukiman penduduk, Pusat perbelanjaan",,,,,,,,,,,,,,,
60010135,Usaha Bimbingan Belajar Rumahan,Mikro,<=3 JT ,Pendidikan dan pelatihan,0-10 JT,"2-11 tahun, 12-17 tahun","Laki-laki, Perempuan","Pelajar/mahasiswa, IRT","Kelas atas, Kelas menengah","Pusat Kota dan Keramaian, Lingkungan pendidikan, Permukiman penduduk",,,,,,,,,,,,,,,
60010135,Usaha Bimbingan Belajar Rumahan,Mikro,3-5 JT,Pendidikan dan pelatihan,11-20 JT ,"2-11 tahun, 12-17 tahun","Laki-laki, Perempuan","Pelajar/mahasiswa, IRT","Kelas atas, Kelas menengah","Pusat Kota dan Keramaian, Lingkungan pendidikan, Permukiman penduduk",,,,,,,,,,,,,,,
60010135,Usaha Bimbingan Belajar Rumahan,Mikro,5-10 JT,Pendidikan dan pelatihan,21-30 JT,"2-11 tahun, 12-17 tahun","Laki-laki, Perempuan","Pelajar/mahasiswa, IRT","Kelas atas, Kelas menengah","Pusat Kota dan Keramaian, Lingkungan pendidikan, Permukiman penduduk",,,,,,,,,,,,,,,
50010136,"Usaha Bucket, Bunga dan Hadiah Tangan",Mikro,<=3 JT,Industri kerajinan tangan dan souvenir,0-10 JT,"18-39 tahun, 40-59 tahun, >60 tahun",Perempuan,"Pelajar/mahasiswa, Pegawai negeri sipil, Wiraswasta, Pekerja informal, IRT","Kelas atas, Kelas menengah","Pusat Kota dan Keramaian, Pusat perbelanjaan",,,,,,,,,,,,,,,
50020136,"Usaha Bucket, Bunga dan Hadiah Tangan",Kecil ,5-10 JT,Industri kerajinan tangan dan souvenir,0-10 JT,"18-39 tahun, 40-59 tahun, >60 tahun",Perempuan,"Pelajar/mahasiswa, Pegawai negeri sipil, Wiraswasta, Pekerja informal, IRT","Kelas atas, Kelas menengah","Pusat Kota dan Keramaian, Pusat perbelanjaan",,,,,,,,,,,,,,,
50030136,"Usaha Bucket, Bunga dan Hadiah Tangan",Menengah,11-30 JT,Industri kerajinan tangan dan souvenir,11-20 JT ,"18-39 tahun, 40-59 tahun, >60 tahun",Perempuan,"Pelajar/mahasiswa, Pegawai negeri sipil, Wiraswasta, Pekerja informal, IRT","Kelas atas, Kelas menengah","Pusat Kota dan Keramaian, Pusat perbelanjaan",,,,,,,,,,,,,,,
30010137,Usaha Camilan Rumahan,Mikro,<=3 JT,Industri makanan dan minuman,0-10 JT," 2-11 tahun, 12-17 tahun, 18-39 tahun, 40-59 tahun, >60 tahun","Laki-laki, Perempuan","Pengangguran, Pelajar/mahasiswa, Pegawai negeri sipil, Wiraswasta, Tidak bekerja tapi menerima penghasilan pasif, Pekerja informal, IRT","Kelas atas, Kelas menengah, Menuju kelas menengah, Kelas rentan, Kelas miskin","  Permukiman penduduk, Pusat perbelanjaan,Terminal/transportasi umum",,,,,,,,,,,,,,,
30020137,Usaha Camilan Rumahan,Kecil ,5-10 JT,Industri makanan dan minuman,0-10 JT," 2-11 tahun, 12-17 tahun, 18-39 tahun, 40-59 tahun, >60 tahun","Laki-laki, Perempuan","Pengangguran, Pelajar/mahasiswa, Pegawai negeri sipil, Wiraswasta,Tidak bekerja tapi menerima penghasilan pasif, Pekerja informal, IRT","Kelas atas, Kelas menengah, Menuju kelas menengah"," Area Wisata, Pusat perbelanjaan",,,,,,,,,,,,,,,
30030137,Usaha Camilan Rumahan,Menengah,11-30 JT,Industri makanan dan minuman,11-20 JT ," 2-11 tahun, 12-17 tahun, 18-39 tahun, 40-59 tahun, >60 tahun","Laki-laki, Perempuan","Pengangguran,Pelajar/mahasiswa,Pegawai negeri sipil,Wiraswasta,Tidak bekerja tapi menerima penghasilan pasif,Pekerja informal,IRT","Kelas atas, Kelas menengah, Menuju kelas menengah"," Area Wisata, Pusat perbelanjaan",,,,,,,,,,,,,,,
95010138,Usaha Fotografi,Mikro,5-10 JT,Lainnya,0-10 JT,"12-17 tahun, 18-39 tahun, 40-59 tahun, >60 tahun","Laki-laki, Perempuan","Pengangguran, Pelajar/mahasiswa, Pegawai negeri sipil,   Wiraswasta, Petani, Nelayan, Pensiunan, Tidak bekerja tapi menerima penghasilan pasif, Pekerja informal, IRT","Kelas atas, Kelas menengah, Menuju kelas menengah","Pegunungan, Pusat Kota dan Keramaian, Desa dan Alam, Pelabuhan dan Laut, Area Wisata",,,,,,,,,,,,,,,
95020138,Usaha Fotografi,Kecil ,11-30 JT,Lainnya,11-20 JT ,"12-17 tahun, 18-39 tahun, 40-59 tahun, >60 tahun","Laki-laki, Perempuan","Pengangguran, Pelajar/mahasiswa, Pegawai negeri sipil,   Wiraswasta, Petani, Nelayan, Pensiunan, Tidak bekerja tapi menerima penghasilan pasif, Pekerja informal, IRT","Kelas atas, Kelas menengah","Pegunungan, Pusat Kota dan Keramaian, Desa dan Alam, Pelabuhan dan Laut, Area Wisata",,,,,,,,,,,,,,,
95030138,Usaha Fotografi,Menengah,30-50 JT,Lainnya,31-40 JT,"12-17 tahun, 18-39 tahun, 40-59 tahun, >60 tahun","Laki-laki, Perempuan","Pengangguran, Pelajar/mahasiswa, Pegawai negeri sipil,   Wiraswasta, Petani, Nelayan, Pensiunan, Tidak bekerja tapi menerima penghasilan pasif, Pekerja informal, IRT","Kelas atas, Kelas menengah","Pegunungan, Pusat Kota dan Keramaian, Desa dan Alam, Pelabuhan dan Laut, Area Wisata",,,,,,,,,,,,,,,
91010139,Usaha Jual Aksesoris Elektronik,Mikro,5-10 JT,Jasa teknologi informasi dan komunikasi,0-10 JT," 18-39 tahun, 40-59 tahun","Laki-laki, Perempuan ","Pelajar/mahasiswa,Pegawai negeri sipil,Wiraswasta,Pekerja informal","Kelas atas, Kelas menengah","Pusat Kota dan Keramaian, Lingkungan pendidikan, Perkantoran",,,,,,,,,,,,,,,
91020139,Usaha Jual Aksesoris Elektronik,Kecil ,11-30 JT,Jasa teknologi informasi dan komunikasi,11-20 JT," 18-39 tahun, 40-59 tahun","Laki-laki, Perempuan ","Pelajar/mahasiswa,Pegawai negeri sipil,Wiraswasta,Pekerja informal","Kelas atas, Kelas menengah","Pusat Kota dan Keramaian, Pusat perbelanjaan",,,,,,,,,,,,,,,
91030139,Usaha Jual Aksesoris Elektronik,Menengah,30-50 JT,Jasa teknologi informasi dan komunikasi,21-30 JT," 18-39 tahun, 40-59 tahun","Laki-laki, Perempuan ","Pelajar/mahasiswa,Pegawai negeri sipil,Wiraswasta,Pekerja informal","Kelas atas, Kelas menengah","Pusat Kota dan Keramaian, Pusat perbelanjaan",,,,,,,,,,,,,,,
91020140,Usaha Jual Barang Elektronik,Kecil ,30-50 JT,Jasa teknologi informasi dan komunikasi,41-50 JT ," 18-39 tahun, 40-59 tahun",Laki-laki,"Pelajar/mahasiswa,Pegawai negeri sipil,Wiraswasta,Pekerja informal","Kelas atas, Kelas menengah","Pusat Kota dan Keramaian, Lingkungan pendidikan, Perkantoran",,,,,,,,,,,,,,,
91030140,Usaha Jual Barang Elektronik,Menengah,50-500 JT,Jasa teknologi informasi dan komunikasi,>50 JT ," 18-39 tahun, 40-59 tahun",Laki-laki,"Pelajar/mahasiswa,Pegawai negeri sipil,Wiraswasta,Pekerja informal","Kelas atas, Kelas menengah","Pusat Kota dan Keramaian, Lingkungan pendidikan, Perkantoran",,,,,,,,,,,,,,,
10010141,Usaha Jual Sayur dan Buah,Mikro,<=3 JT,Pertanian dan perkebunan,0-10 JT," 18-39 tahun, 40-59 tahun",Perempuan,IRT,"Kelas atas, Kelas menengah, Menuju kelas menengah, Kelas rentan, Kelas miskin","Pusat Kota dan Keramaian, Permukiman penduduk",,,,,,,,,,,,,,,
10020141,Usaha Jual Sayur dan Buah,Kecil ,11-30 JT,Pertanian dan perkebunan,11-20 JT," 18-39 tahun, 40-59 tahun",Perempuan,"Pensiunan,IRT","Kelas atas, Kelas menengah","Pusat Kota dan Keramaian, Permukiman penduduk, Pusat Perbelanjaan",,,,,,,,,,,,,,,
10030141,Usaha Jual Sayur dan Buah,Menengah,30-50 JT,Pertanian dan perkebunan,21-30 JT," 18-39 tahun, 40-59 tahun",Perempuan,"Pensiunan,IRT","Kelas atas, Kelas menengah","Pusat Kota dan Keramaian, Permukiman penduduk, Pusat Perbelanjaan",,,,,,,,,,,,,,,
50010142,Usaha Kerajinan Tangan,Mikro,<=3 JT ,Industri kerajinan tangan dan souvenir,0-10 JT,"18-39 tahun, 40-59 tahun, >60 tahun","Laki-laki, Perempuan","Pelajar/mahasiswa,Pegawai negeri sipil,Wiraswasta,Pekerja informal, IRT","Kelas atas, Kelas menengah"," Desa dan Alam, Area Wisata, Permukiman penduduk, Pusat perbelanjaan",,,,,,,,,,,,,,,
50020142,Usaha Kerajinan Tangan,Kecil ,5-10 JT,Industri kerajinan tangan dan souvenir,0-10 JT,"18-39 tahun, 40-59 tahun, >60 tahun","Laki-laki, Perempuan","Pelajar/mahasiswa,Pegawai negeri sipil,Wiraswasta,Pekerja informal, IRT","Kelas atas, Kelas menengah"," Desa dan Alam, Area Wisata, Permukiman penduduk, Pusat perbelanjaan",,,,,,,,,,,,,,,
50030142,Usaha Kerajinan Tangan,Menengah,11-30 JT,Industri kerajinan tangan dan souvenir,11-20 JT ,"18-39 tahun, 40-59 tahun, >60 tahun","Laki-laki, Perempuan","Pelajar/mahasiswa,Pegawai negeri sipil,Wiraswasta,Pekerja informal, IRT","Kelas atas, Kelas menengah"," Desa dan Alam, Area Wisata, Permukiman penduduk, Pusat perbelanjaan",,,,,,,,,,,,,,,
95010143,Usaha Kreatif Aksesoris Perhiasan,Mikro,5-10 JT,Industri fashion dan tekstil ,0-10 JT,"18-39 tahun, 40-59 tahun, >60 tahun",Perempuan,"Pelajar/mahasiswa,Pegawai negeri sipil,Wiraswasta,Pekerja informal, IRT","Kelas atas, Kelas menengah","Pusat Kota dan Keramaian, Pusat perbelanjaan",,,,,,,,,,,,,,,
95020143,Usaha Kreatif Aksesoris Perhiasan,Kecil ,11-30 JT,Industri fashion dan tekstil ,11-20 JT ,"18-39 tahun, 40-59 tahun, >60 tahun",Perempuan,"Pelajar/mahasiswa,Pegawai negeri sipil,Wiraswasta,Pekerja informal, IRT","Kelas atas, Kelas menengah","Pusat Kota dan Keramaian, Pusat perbelanjaan",,,,,,,,,,,,,,,
95030143,Usaha Kreatif Aksesoris Perhiasan,Menengah,30-50 JT,Industri fashion dan tekstil ,31-40 JT,"18-39 tahun, 40-59 tahun, >60 tahun",Perempuan,"Pelajar/mahasiswa,Pegawai negeri sipil,Wiraswasta,Pekerja informal, IRT","Kelas atas, Kelas menengah","Pusat Kota dan Keramaian, Pusat perbelanjaan",,,,,,,,,,,,,,,
70020144,Usaha Optik dan Kesehatan Mata,Kecil ,30-50 JT,Jasa kesehatan dan kecantikan,11-20 JT ,"2-11 tahun, 12-17 tahun, 18-39 tahun, 40-59 tahun, >60 tahun","Laki-laki, Perempuan","Pelajar/mahasiswa,Pegawai negeri sipil,Wiraswasta,Pekerja informal, IRT","Kelas atas, Kelas menengah","Pusat Kota dan Keramaian, Permukiman penduduk, Pusat perbelanjaan",,,,,,,,,,,,,,,
70030144,Usaha Optik dan Kesehatan Mata,Menengah,50-500 JT,Jasa kesehatan dan kecantikan,41-50 JT ,"2-11 tahun, 12-17 tahun, 18-39 tahun, 40-59 tahun, >60 tahun","Laki-laki, Perempuan","Pelajar/mahasiswa,Pegawai negeri sipil,Wiraswasta,Pekerja informal, IRT","Kelas atas, Kelas menengah","Pusat Kota dan Keramaian, Permukiman penduduk, Pusat perbelanjaan",,,,,,,,,,,,,,,
50030145,Usaha Panglong Kayu,Kecil,50-500 JT,Industri kerajinan tangan dan souvenir,21-30 JT,"18-39 tahun, 40-59 tahun, >60 tahun",Laki-laki,"Pengangguran,Pelajar/mahasiswa,Pegawai negeri sipil,Wiraswasta,Petani,Nelayan,Pensiunan,Tidak bekerja tapi menerima penghasilan pasif,Pekerja informal","Kelas atas, Kelas menengah","Pusat Kota dan Keramaian, Permukiman penduduk, Desa dan Alam",,,,,,,,,,,,,,,
50030145,Usaha Panglong Kayu,Menengah,<=1 M,Industri kerajinan tangan dan souvenir,>50 JT ,"18-39 tahun, 40-59 tahun, >60 tahun",Laki-laki,"Pengangguran,Pelajar/mahasiswa,Pegawai negeri sipil,Wiraswasta,Petani,Nelayan,Pensiunan,Tidak bekerja tapi menerima penghasilan pasif,Pekerja informal","Kelas atas, Kelas menengah","Pusat Kota dan Keramaian, Permukiman penduduk, Desa dan Alam",,,,,,,,,,,,,,,
70010146,Usaha Parfum dan Wangian,Mikro,5-10 JT,Jasa kesehatan dan kecantikan,0-10 JT,"12-17 tahun, 18-39 tahun, 40-59 tahun","Laki-laki, Perempuan","Pelajar/mahasiswa,Pegawai negeri sipil,Wiraswasta,Pekerja informal","Kelas atas, Kelas menengah","Pusat Kota dan Keramaian, Permukiman penduduk, Pusat perbelanjaan",,,,,,,,,,,,,,,
70020146,Usaha Parfum dan Wangian,Kecil ,11-30 JT,Jasa kesehatan dan kecantikan,11-20 JT ,"12-17 tahun, 18-39 tahun, 40-59 tahun","Laki-laki, Perempuan","Pelajar/mahasiswa,Pegawai negeri sipil,Wiraswasta,Pekerja informal","Kelas atas, Kelas menengah","Pusat Kota dan Keramaian, Permukiman penduduk, Pusat perbelanjaan",,,,,,,,,,,,,,,
70030146,Usaha Parfum dan Wangian,Menengah,30-50 JT,Jasa kesehatan dan kecantikan,31-40 JT,"12-17 tahun, 18-39 tahun, 40-59 tahun","Laki-laki, Perempuan","Pelajar/mahasiswa,Pegawai negeri sipil,Wiraswasta,Pekerja informal","Kelas atas, Kelas menengah","Pusat Kota dan Keramaian, Permukiman penduduk, Pusat perbelanjaan",,,,,,,,,,,,,,,
92010147,Usaha Pembuatan Produk Homecare,Mikro,11-30 JT,Jasa kebersihan,11-20 JT ," 18-39 tahun, 40-59 tahun","Laki-laki, Perempuan",IRT,"Kelas atas, Kelas menengah, Menuju kelas menengah, Kelas rentan, Kelas miskin","Pusat Kota dan Keramaian, Permukiman penduduk, Pusat perbelanjaan",,,,,,,,,,,,,,,
92020147,Usaha Pembuatan Produk Homecare,Kecil ,30-50 JT,Jasa kebersihan,21-30 JT," 18-39 tahun, 40-59 tahun","Laki-laki, Perempuan",IRT,"Kelas atas, Kelas menengah, Menuju kelas menengah, Kelas rentan, Kelas miskin","Pusat Kota dan Keramaian, Permukiman penduduk, Pusat perbelanjaan",,,,,,,,,,,,,,,
92030147,Usaha Pembuatan Produk Homecare,Menengah,50-500 JT,Jasa kebersihan,41-50 JT ," 18-39 tahun, 40-59 tahun","Laki-laki, Perempuan",IRT,"Kelas atas, Kelas menengah, Menuju kelas menengah, Kelas rentan, Kelas miskin","Pusat Kota dan Keramaian, Permukiman penduduk, Pusat perbelanjaan",,,,,,,,,,,,,,,
50010148,Usaha Pembuatan Souvenir,Mikro,3-5 JT,Industri kerajinan tangan dan souvenir,0-10 JT,"12-17 tahun, 18-39 tahun, 40-59 tahun, >60 tahun",Perempuan,"Pelajar/mahasiswa, Pegawai negeri sipil,Wiraswasta,Pekerja informal,IRT",Kelas Menengah,"Area Wisata, Terminal/transportasi umum",,,,,,,,,,,,,,,
50020148,Usaha Pembuatan Souvenir,Kecil ,11-30 JT,Industri kerajinan tangan dan souvenir,11-20 JT ,"12-17 tahun, 18-39 tahun, 40-59 tahun, >60 tahun",Perempuan,"Pelajar/mahasiswa, Pegawai negeri sipil,Wiraswasta,Pekerja informal,IRT","Kelas atas, Kelas menengah","Area Wisata, Pusat Perbelanjaan",,,,,,,,,,,,,,,
50030148,Usaha Pembuatan Souvenir,Menengah,30-50 JT,Industri kerajinan tangan dan souvenir,31-40 JT,"12-17 tahun, 18-39 tahun, 40-59 tahun, >60 tahun",Perempuan,"Pelajar/mahasiswa, Pegawai negeri sipil,Wiraswasta,Pekerja informal,IRT","Kelas atas, Kelas menengah","Area Wisata, Pusat Perbelanjaan",,,,,,,,,,,,,,,
10010149,Usaha Pengolahan Agribisnis,Mikro,3-5 JT,Pertanian dan perkebunan,0-10 JT,"18-39 tahun, 40-59 tahun, >60 tahun",Perempuan,"Petani, IRT","Kelas atas, Kelas menengah, Menuju kelas menengah, Kelas rentan, Kelas miskin","Pegunungan, Desa dan Alam, Permukiman penduduk",,,,,,,,,,,,,,,
10020149,Usaha Pengolahan Agribisnis,Kecil ,11-30 JT,Pertanian dan perkebunan,11-20 JT ,"18-39 tahun, 40-59 tahun, >60 tahun",Perempuan,"Petani, IRT","Kelas atas, Kelas menengah, Menuju kelas menengah, Kelas rentan, Kelas miskin","Pegunungan, Desa dan Alam, Permukiman penduduk",,,,,,,,,,,,,,,
10030149,Usaha Pengolahan Agribisnis,Menengah,30-50 JT,Pertanian dan perkebunan,21-30 JT,"18-39 tahun, 40-59 tahun, >60 tahun",Perempuan,"Petani, IRT","Kelas atas, Kelas menengah, Menuju kelas menengah, Kelas rentan, Kelas miskin","Pegunungan, Desa dan Alam, Permukiman penduduk",,,,,,,,,,,,,,,
94010150,Usaha Perawatan Kendaraan,Mikro,11-30 JT,Otomotif,0-10 JT,"18-39 tahun, 40-59 tahun",Laki-laki,"Pegawai negeri sipil,Wiraswasta,Tidak bekerja tapi menerima penghasilan pasif,Pekerja informal",Kelas atas," Pusat Kota dan Keramaian, Permukiman penduduk, Pusat perbelanjaan, Terminal/transportasi umum",,,,,,,,,,,,,,,
94020150,Usaha Perawatan Kendaraan,Kecil ,30-50 JT,Otomotif,21-30 JT,"18-39 tahun, 40-59 tahun",Laki-laki,"Pegawai negeri sipil,Wiraswasta,Tidak bekerja tapi menerima penghasilan pasif,Pekerja informal",Kelas atas," Pusat Kota dan Keramaian, Pusat perbelanjaan",,,,,,,,,,,,,,,
94030150,Usaha Perawatan Kendaraan,Menengah,50-500 JT,Otomotif,>50 JT ,"18-39 tahun, 40-59 tahun",Laki-laki,"Pegawai negeri sipil,Wiraswasta,Tidak bekerja tapi menerima penghasilan pasif,Pekerja informal",Kelas atas," Pusat Kota dan Keramaian, Pusat perbelanjaan",,,,,,,,,,,,,,,
91010151,Usaha Perbaikan Alat Elektronik,Mikro,5-10 JT,Jasa teknologi informasi dan komunikasi,0-10 JT," 18-39 tahun, 40-59 tahun",Laki-laki,"Pelajar/mahasiswa,Pegawai negeri sipil,Wiraswasta,Tidak bekerja tapi menerima penghasilan pasif,Pekerja informal,","Kelas atas, Kelas menengah, Menuju kelas menengah","Pusat Kota dan Keramaian, Lingkungan pendidikan, Perkantoran",,,,,,,,,,,,,,,
91020151,Usaha Perbaikan Alat Elektronik,Kecil ,11-30 JT,Jasa teknologi informasi dan komunikasi,11-20 JT ," 18-39 tahun, 40-59 tahun",Laki-laki,"Pelajar/mahasiswa,Pegawai negeri sipil,Wiraswasta,Tidak bekerja tapi menerima penghasilan pasif,Pekerja informal,","Kelas atas, Kelas menengah","Pusat Kota dan Keramaian, Lingkungan pendidikan, Perkantoran",,,,,,,,,,,,,,,
91030151,Usaha Perbaikan Alat Elektronik,Menengah,30-50 JT,Jasa teknologi informasi dan komunikasi,31-40 JT," 18-39 tahun, 40-59 tahun",Laki-laki,"Pelajar/mahasiswa,Pegawai negeri sipil,Wiraswasta,Tidak bekerja tapi menerima penghasilan pasif,Pekerja informal,","Kelas atas, Kelas menengah","Pusat Kota dan Keramaian, Lingkungan pendidikan, Perkantoran",,,,,,,,,,,,,,,
95010152,Usaha Perbaikan Sepatu,Mikro,<=3 JT,Industri fashion dan tekstil ,0-10 JT,"2-11 tahun, 12-17 tahun, 18-39 tahun, 40-59 tahun, >60 tahun","Laki-laki, Perempuan","Pelajar/mahasiswa,Pegawai negeri sipil,Wiraswasta,Pekerja informal,IRT","Kelas atas, Kelas menengah, Menuju kelas menengah","Pusat Kota dan Keramaian, Desa dan Alam, Lingkungan pendidikan, Permukiman penduduk, Pusat perbelanjaan, Perkantoran",,,,,,,,,,,,,,,
95020152,Usaha Perbaikan Sepatu,Kecil ,3-5 JT,Industri fashion dan tekstil ,0-10 JT,"2-11 tahun, 12-17 tahun, 18-39 tahun, 40-59 tahun, >60 tahun","Laki-laki, Perempuan","Pelajar/mahasiswa,Pegawai negeri sipil,Wiraswasta,Pekerja informal,IRT","Kelas atas, Kelas menengah, Menuju kelas menengah","Pusat Kota dan Keramaian, Desa dan Alam, Lingkungan pendidikan, Permukiman penduduk, Pusat perbelanjaan, Perkantoran",,,,,,,,,,,,,,,
95030152,Usaha Perbaikan Sepatu,Menengah,5-10 JT,Industri fashion dan tekstil ,0-10 JT,"2-11 tahun, 12-17 tahun, 18-39 tahun, 40-59 tahun, >60 tahun","Laki-laki, Perempuan","Pelajar/mahasiswa,Pegawai negeri sipil,Wiraswasta,Pekerja informal,IRT","Kelas atas, Kelas menengah","Pusat Kota dan Keramaian, Desa dan Alam, Lingkungan pendidikan, Permukiman penduduk, Pusat perbelanjaan, Perkantoran",,,,,,,,,,,,,,,
40010153,Usaha Perlengkapan dan Kebutuhan Olahraga,Mikro,11-30 JT,Industri fashion dan tekstil,0-10 JT,"12-17 tahun, 18-39 tahun, 40-59 tahun",Laki-laki,"Pelajar/mahasiswa,Pegawai negeri sipil,Wiraswasta,Pekerja informal","Kelas menengah, Kelas atas"," Pusat Kota dan Keramaian, Lingkungan pendidikan, Permukiman penduduk, Pusat perbelanjaan",,,,,,,,,,,,,,,
40020153,Usaha Perlengkapan dan Kebutuhan Olahraga,Kecil ,30-50 JT,Industri fashion dan tekstil,21-30 JT,"12-17 tahun, 18-39 tahun, 40-59 tahun",Laki-laki,"Pelajar/mahasiswa,Pegawai negeri sipil,Wiraswasta,Pekerja informal","Kelas menengah, Kelas atas"," Pusat Kota dan Keramaian, Lingkungan pendidikan, Permukiman penduduk, Pusat perbelanjaan",,,,,,,,,,,,,,,
70010154,Usaha Pijat dan Perawatan Tubuh,Mikro,5-10 JT,Jasa kesehatan dan kecantikan,0-10 JT,"12-17 tahun, 18-39 tahun, 40-59 tahun",Perempuan,"Pelajar/mahasiswa,Pegawai negeri sipil,Wiraswasta,Pekerja informal","Kelas atas, Kelas menengah","Pusat Kota dan Keramaian, Permukiman penduduk, Pusat perbelanjaan",,,,,,,,,,,,,,,
70020154,Usaha Pijat dan Perawatan Tubuh,Kecil ,11-30 JT,Jasa kesehatan dan kecantikan,11-20 JT ,"12-17 tahun, 18-39 tahun, 40-59 tahun",Perempuan,"Pelajar/mahasiswa,Pegawai negeri sipil,Wiraswasta,Pekerja informal","Kelas atas, Kelas menengah","Pusat Kota dan Keramaian, Permukiman penduduk, Pusat perbelanjaan",,,,,,,,,,,,,,,
70030154,Usaha Pijat dan Perawatan Tubuh,Menengah,30-50 JT,Jasa kesehatan dan kecantikan,21-30 JT,"12-17 tahun, 18-39 tahun, 40-59 tahun",Perempuan,"Pelajar/mahasiswa,Pegawai negeri sipil,Wiraswasta,Pekerja informal","Kelas atas, Kelas menengah","Pusat Kota dan Keramaian, Permukiman penduduk, Pusat perbelanjaan",,,,,,,,,,,,,,,
30010155,Usaha Produk Manisan,Mikro,3-5 JT,Industri makanan dan minuman,0-10 JT,"2-11 tahun, 12-17 tahun, 18-39 tahun, 40-59 tahun, >60 tahun",Perempuan,"Pengangguran,Pelajar/mahasiswa,Pegawai negeri sipil,Wiraswasta,Petani,Nelayan,Pensiunan,Tidak bekerja tapi menerima penghasilan pasif,Pekerja informal","Kelas atas, Kelas menengah","Pusat Kota dan Keramaian, Permukiman penduduk, Pusat perbelanjaan, Desa dan Alam, Area Wisata",,,,,,,,,,,,,,,
30020155,Usaha Produk Manisan,Kecil ,5-10 JT,Industri makanan dan minuman,0-10 JT,"2-11 tahun, 12-17 tahun, 18-39 tahun, 40-59 tahun, >60 tahun",Perempuan,"Pengangguran,Pelajar/mahasiswa,Pegawai negeri sipil,Wiraswasta,Petani,Nelayan,Pensiunan,Tidak bekerja tapi menerima penghasilan pasif,Pekerja informal","Kelas atas, Kelas menengah","Pusat Kota dan Keramaian, Permukiman penduduk, Pusat perbelanjaan, Desa dan Alam, Area Wisata",,,,,,,,,,,,,,,
30030155,Usaha Produk Manisan,Menengah,11-30 JT,Industri makanan dan minuman,11-20 JT ,"2-11 tahun, 12-17 tahun, 18-39 tahun, 40-59 tahun, >60 tahun",Perempuan,"Pengangguran,Pelajar/mahasiswa,Pegawai negeri sipil,Wiraswasta,Petani,Nelayan,Pensiunan,Tidak bekerja tapi menerima penghasilan pasif,Pekerja informal","Kelas atas, Kelas menengah","Pusat Kota dan Keramaian, Permukiman penduduk, Pusat perbelanjaan, Desa dan Alam, Area Wisata",,,,,,,,,,,,,,,
95010156,Usaha Produksi Kemasan,Mikro,5-10 JT,Lainnya,0-10 JT,"18-39 tahun, 40-59 tahun, >60 tahun","Laki-laki, Perempuan","Pengangguran, Pelajar/mahasiswa, Pegawai negeri sipil,   Wiraswasta, Petani, Nelayan, Pensiunan, Tidak bekerja tapi menerima penghasilan pasif, Pekerja informal, IRT","Kelas atas, Kelas menengah, Menuju kelas menengah, Kelas rentan, Kelas miskin","Pusat Kota dan Keramaian, Permukiman penduduk, Pusat perbelanjaan",,,,,,,,,,,,,,,
95020156,Usaha Produksi Kemasan,Kecil ,11-30 JT,Lainnya,11-20 JT ,"18-39 tahun, 40-59 tahun, >60 tahun","Laki-laki, Perempuan","Pengangguran, Pelajar/mahasiswa, Pegawai negeri sipil,   Wiraswasta, Petani, Nelayan, Pensiunan, Tidak bekerja tapi menerima penghasilan pasif, Pekerja informal, IRT","Kelas atas, Kelas menengah, Menuju kelas menengah, Kelas rentan, Kelas miskin","Pusat Kota dan Keramaian, Permukiman penduduk, Pusat perbelanjaan",,,,,,,,,,,,,,,
93030157,Usaha Sewa Kamar Tinggal,Kecil,50-500 JT,Jasa keamanan,11-20 JT,"18-39 tahun, 40-59 tahun, >60 tahun","Laki-laki, Perempuan","Pengangguran,Pelajar/mahasiswa,Pegawai negeri sipil,Wiraswasta,Petani,Nelayan,Pensiunan,Tidak bekerja tapi menerima penghasilan pasif,Pekerja informal,IRT","Kelas atas, Kelas menengah, Menuju kelas menengah, Kelas rentan, Kelas miskin","Pusat Kota dan Keramaian, Permukiman penduduk",,,,,,,,,,,,,,,
93030157,Usaha Sewa Kamar Tinggal,Menengah,<=1 M,Jasa keamanan,41-50 JT ,"18-39 tahun, 40-59 tahun, >60 tahun","Laki-laki, Perempuan","Pelajar/mahasiswa,Pegawai negeri sipil,Wiraswasta,Tidak bekerja tapi menerima penghasilan pasif,Pekerja informal","Kelas atas, Kelas menengah","Pusat Kota dan Keramaian, Perkantoran",,,,,,,,,,,,,,,
94030158,Usaha Sewa Kendaraan,Kecil,50-500 JT,Otomotif,11-20 JT ,"18-39 tahun, 40-59 tahun, >60 tahun",Laki-laki,"Pelajar/mahasiswa,Pegawai negeri sipil,Wiraswasta,Tidak bekerja tapi menerima penghasilan pasif,Pekerja informal","Kelas atas, Kelas menengah","Pusat Kota dan Keramaian, Kawasan Industri",,,,,,,,,,,,,,,
94030158,Usaha Sewa Kendaraan,Menengah,<=1 M,Otomotif,>50 JT,"18-39 tahun, 40-59 tahun, >60 tahun",Laki-laki,"Pelajar/mahasiswa,Pegawai negeri sipil,Wiraswasta,Tidak bekerja tapi menerima penghasilan pasif,Pekerja informal","Kelas atas, Kelas menengah","Pusat Kota dan Keramaian, Kawasan Industri",,,,,,,,,,,,,,,
95020159,Usaha Sewa Komputer dan Peralatan,Kecil ,11-30 JT,Jasa teknologi informasi dan komunikasi ,0-10 JT," 18-39 tahun, 40-59 tahun, >60 tahun",Laki-laki,"Pelajar/mahasiswa,Pegawai negeri sipil,Wiraswasta,Pekerja informal","Kelas atas, Kelas menengah","Pusat Kota dan Keramaian, Lingkungan pendidikan, Perkantoran, Desa dan Alam",,,,,,,,,,,,,,,
95030159,Usaha Sewa Komputer dan Peralatan,Menengah,30-50 JT,Jasa teknologi informasi dan komunikasi ,21-30 JT," 18-39 tahun, 40-59 tahun, >60 tahun",Laki-laki,"Pelajar/mahasiswa,Pegawai negeri sipil,Wiraswasta,Pekerja informal","Kelas atas, Kelas menengah","Pusat Kota dan Keramaian, Lingkungan pendidikan, Perkantoran, Desa dan Alam",,,,,,,,,,,,,,,
20010160,Usaha Ternak Ikan,Mikro,11-30 JT,Perikanan dan kelautan,0-10 JT,"18-39 tahun, 40-59 tahun, >60 tahun",Laki-laki,"Pengangguran,Pelajar/mahasiswa,Pegawai negeri sipil,Wiraswasta,Pensiunan,Tidak bekerja tapi menerima penghasilan pasif,Pekerja informal,IRT","Kelas atas, Kelas menengah, Menuju kelas menengah, Kelas rentan, Kelas miskin","Pegunungan, Desa dan Alam, Permukiman penduduk",,,,,,,,,,,,,,,
20020160,Usaha Ternak Ikan,Kecil ,11-30 JT,Perikanan dan kelautan,11-20 JT ,"18-39 tahun, 40-59 tahun, >60 tahun",Laki-laki,"Pengangguran,Pelajar/mahasiswa,Pegawai negeri sipil,Wiraswasta,Pensiunan,Tidak bekerja tapi menerima penghasilan pasif,Pekerja informal,IRT","Kelas atas, Kelas menengah, Menuju kelas menengah, Kelas rentan, Kelas miskin","Pegunungan, Desa dan Alam, Permukiman penduduk",,,,,,,,,,,,,,,
20030160,Usaha Ternak Ikan,Menengah,30-50 JT,Perikanan dan kelautan,21-30 JT,"18-39 tahun, 40-59 tahun, >60 tahun",Laki-laki,"Pengangguran,Pelajar/mahasiswa,Pegawai negeri sipil,Wiraswasta,Pensiunan,Tidak bekerja tapi menerima penghasilan pasif,Pekerja informal,IRT","Kelas atas, Kelas menengah, Menuju kelas menengah, Kelas rentan, Kelas miskin","Pegunungan, Desa dan Alam, Permukiman penduduk",,,,,,,,,,,,,,,
30010161,Usaha Trend Minuman,Mikro,3-5 JT,Industri makanan dan minuman,0-10 JT,"2-11 tahun, 12-17 tahun, 18-39 tahun",Perempuan,"Pelajar/mahasiswa,Pegawai negeri sipil,Wiraswasta,Pekerja informal","Kelas atas, Kelas menengah","Pusat Kota dan Keramaian, Permukiman penduduk, Pusat perbelanjaan, Desa dan Alam, Area Wisata",,,,,,,,,,,,,,,
30020161,Usaha Trend Minuman,Kecil ,5-10 JT,Industri makanan dan minuman,0-10 JT,"2-11 tahun, 12-17 tahun, 18-39 tahun",Perempuan,"Pelajar/mahasiswa,Pegawai negeri sipil,Wiraswasta,Pekerja informal","Kelas atas, Kelas menengah","Pusat Kota dan Keramaian, Permukiman penduduk, Pusat perbelanjaan, Desa dan Alam, Area Wisata",,,,,,,,,,,,,,,
30030161,Usaha Trend Minuman,Menengah,11-30 JT,Industri makanan dan minuman,11-20 JT ,"2-11 tahun, 12-17 tahun, 18-39 tahun",Perempuan,"Pelajar/mahasiswa,Pegawai negeri sipil,Wiraswasta,Pekerja informal","Kelas atas, Kelas menengah","Pusat Kota dan Keramaian, Permukiman penduduk, Pusat perbelanjaan, Desa dan Alam, Area Wisata",,,,,,,,,,,,,,,
95010162,Usaha Pengepul Rongsokan,Mikro,3-5 JT,Lainnya,0-10 JT,"18-39 tahun, 40-59 tahun, >60 tahun","Laki-laki, Perempuan",IRT,"Kelas atas, Kelas menengah, Menuju kelas menengah, Kelas rentan, Kelas miskin","Permukiman penduduk,Desa dan Alam, Area Wisata",,,,,,,,,,,,,,,
90010163,Usaha Event Organizer,Mikro,5-10 JT,Jasa konsultasi dan manajemen,0-10 JT," 18-39 tahun, 40-59 tahun","Laki-laki, Perempuan","Pelajar/mahasiswa,Pegawai negeri sipil,Wiraswasta,Pensiunan,Tidak bekerja tapi menerima penghasilan pasif,Pekerja informal,IRT","Kelas atas, Kelas menengah","Pusat Kota dan Keramaian, Permukiman penduduk, Pusat perbelanjaan",,,,,,,,,,,,,,,
90020163,Usaha Event Organizer,Kecil ,30-50 JT,Jasa konsultasi dan manajemen,11-20 JT ," 18-39 tahun, 40-59 tahun","Laki-laki, Perempuan","Pelajar/mahasiswa,Pegawai negeri sipil,Wiraswasta,Pensiunan,Tidak bekerja tapi menerima penghasilan pasif,Pekerja informal,IRT","Kelas atas, Kelas menengah","Pusat Kota dan Keramaian, Permukiman penduduk, Pusat perbelanjaan",,,,,,,,,,,,,,,
60010164,Usaha Sewa Tempat Olahraga,Mikro,11-30 JT,Pendidikan dan pelatihan,0-10 JT,"12-17 tahun, 18-39 tahun, 40-59 tahun","Laki-laki, Perempuan","Pelajar/mahasiswa,Pegawai negeri sipil,Wiraswasta,Pensiunan,Tidak bekerja tapi menerima penghasilan pasif,Pekerja informal","Kelas atas, Kelas menengah","Pusat Kota dan Keramaian, Permukiman penduduk, Pusat perbelanjaan",,,,,,,,,,,,,,,
60020164,Usaha Sewa Tempat Olahraga,Kecil ,30-50 JT,Pendidikan dan pelatihan,11-20 JT ,"12-17 tahun, 18-39 tahun, 40-59 tahun","Laki-laki, Perempuan","Pelajar/mahasiswa,Pegawai negeri sipil,Wiraswasta,Pensiunan,Tidak bekerja tapi menerima penghasilan pasif,Pekerja informal","Kelas atas, Kelas menengah","Pusat Kota dan Keramaian, Permukiman penduduk, Pusat perbelanjaan",,,,,,,,,,,,,,,
60030164,Usaha Sewa Tempat Olahraga,Menengah,<=1 M,Pendidikan dan pelatihan,21-30 JT,"12-17 tahun, 18-39 tahun, 40-59 tahun","Laki-laki, Perempuan","Pelajar/mahasiswa,Pegawai negeri sipil,Wiraswasta,Pensiunan,Tidak bekerja tapi menerima penghasilan pasif,Pekerja informal","Kelas atas, Kelas menengah","Pusat Kota dan Keramaian, Permukiman penduduk, Pusat perbelanjaan",,,,,,,,,,,,,,,
95010165,Usaha Tour and Travel,Mikro,30-50 JT,Lainnya,11-20 JT ,"12-17 tahun, 18-39 tahun, 40-59 tahun","Laki-laki, Perempuan","Pelajar/mahasiswa,Pegawai negeri sipil,Wiraswasta,Pensiunan,Tidak bekerja tapi menerima penghasilan pasif,Pekerja informal","Kelas atas, Kelas menengah","Pegunungan, Pusat Kota dan Keramaian, Desa dan Alam, Permukiman penduduk, Pusat perbelanjaan, Terminal/transportasi umum",,,,,,,,,,,,,,,
95020165,Usaha Tour and Travel,Kecil ,50-500 JT,Lainnya,21-30 JT,"12-17 tahun, 18-39 tahun, 40-59 tahun","Laki-laki, Perempuan","Pelajar/mahasiswa,Pegawai negeri sipil,Wiraswasta,Pensiunan,Tidak bekerja tapi menerima penghasilan pasif,Pekerja informal","Kelas atas, Kelas menengah","Pegunungan, Pusat Kota dan Keramaian, Desa dan Alam, Permukiman penduduk, Pusat perbelanjaan, Terminal/transportasi umum",,,,,,,,,,,,,,,Lainnya
60010166,Usaha Toko Buku ,Mikro,11-30 JT,Pendidikan dan pelatihan,0-10 JT,"12-17 tahun, 18-39 tahun, 40-59 tahun","Laki-laki, Perempuan","Pelajar/mahasiswa,Pegawai negeri sipil,Wiraswasta,Pensiunan,Tidak bekerja tapi menerima penghasilan pasif,Pekerja informal","Kelas atas, Kelas menengah, Menuju kelas menengah, Kelas rentan, Kelas miskin","Pusat Kota dan Keramaian, Lingkungan pendidikan, Permukiman penduduk, Perkantoran, Kawasan industri",,,,,,,,,,,,,,,
60010166,Usaha Toko Buku ,Mikro,11-30 JT,Pendidikan dan pelatihan,11-20 JT ,"12-17 tahun, 18-39 tahun, 40-59 tahun","Laki-laki, Perempuan","Pelajar/mahasiswa,Pegawai negeri sipil,Wiraswasta,Pensiunan,Tidak bekerja tapi menerima penghasilan pasif,Pekerja informal","Kelas atas, Kelas menengah, Menuju kelas menengah, Kelas rentan, Kelas miskin","Pusat Kota dan Keramaian, Lingkungan pendidikan, Permukiman penduduk, Perkantoran, Kawasan industri",,,,,,,,,,,,,,,
95020167,Usaha Waralaba ,Kecil ,50-500 JT,Lainnya,21-30 JT,"12-17 tahun, 18-39 tahun, 40-59 tahun","Laki-laki, Perempuan","Pengangguran,Pelajar/mahasiswa,Pegawai negeri sipil,Wiraswasta,Pensiunan,Tidak bekerja tapi menerima penghasilan pasif,Pekerja informal,IRT","Kelas atas, Kelas menengah","Pusat Kota dan Keramaian, Lingkungan pendidikan, Permukiman penduduk, Perkantoran, Kawasan industri",,,,,,,,,,,,,,,
95010168,Usaha Jasa Digital ,Mikro,<=3 JT,Jasa teknologi informasi dan komunikasi ,0-10 JT,"12-17 tahun, 18-39 tahun, 40-59 tahun","Laki-laki, Perempuan","Pelajar/mahasiswa,Pegawai negeri sipil,Wiraswasta,Pekerja informal","Kelas atas, Kelas menengah","Pusat Kota dan Keramaian, Lingkungan pendidikan, Permukiman penduduk, Perkantoran, Kawasan industri",,,,,,,,,,,,,,,
95010169,Usaha Sewa Fashion ,Mikro,<=3 JT,Industri fashion dan tekstil ,0-10 JT,"12-17 tahun, 18-39 tahun, 40-59 tahun",Perempuan,"Pelajar/mahasiswa, Pegawai negeri sipil, Wiraswasta, Pekerja informal","Kelas atas, Kelas menengah","Pusat Kota dan Keramaian, Lingkungan pendidikan, Permukiman penduduk, Perkantoran, Kawasan industri",,,,,,,,,,,,,,,
60010170,Usaha Sewa Peralatan Olahraga ,Mikro,11-30 JT,Pendidikan dan pelatihan,0-10 JT,"12-17 tahun, 18-39 tahun, 40-59 tahun","Laki-laki, Perempuan","Pelajar/mahasiswa,Pegawai negeri sipil,Wiraswasta,Pensiunan,Tidak bekerja tapi menerima penghasilan pasif,Pekerja informal","Kelas atas, Kelas menengah","Pusat Kota dan Keramaian, Lingkungan pendidikan, Permukiman penduduk, Perkantoran, Kawasan industri",,,,,,,,,,,,,,,
95010171,Usaha Sewa Peralatan Content Creator ,Mikro,11-30 JT,Lainnya,0-10 JT,"12-17 tahun, 18-39 tahun, 40-59 tahun","Laki-laki, Perempuan","Pelajar/mahasiswa,Pegawai negeri sipil,Wiraswasta,Pensiunan,Tidak bekerja tapi menerima penghasilan pasif,Pekerja informal","Kelas atas, Kelas menengah","Pusat Kota dan Keramaian, Lingkungan pendidikan, Permukiman penduduk, Perkantoran, Kawasan industri",,,,,,,,,,,,,,,
90010172,Usaha Design Interior ,Mikro,11-30 JT,Jasa konsultasi dan manajemen,0-10 JT,"12-17 tahun, 18-39 tahun, 40-59 tahun","Laki-laki, Perempuan","Pelajar/mahasiswa, Pegawai negeri sipil, Wiraswasta, Pensiunan,Tidak bekerja tapi menerima penghasilan pasif, Pekerja informal, IRT","Kelas atas, Kelas menengah","Pusat Kota dan Keramaian, Lingkungan pendidikan, Permukiman penduduk, Perkantoran, Kawasan industri",,,,,,,,,,,,,,,